Code,Occupation_Name,Nom_de_la_profession,2021,2022,2023,2024,2025,2026,2027,2028,2029,2030,2031
N0000,All Occupations,Tous les professions,18865400,19636100,19957500,20208200,20449400,20671700,20881600,21082700,21284200,21494500,21706700
SL_A,Occupations usually require university education.,Une formation universitaire caractérise habituellement les professions.,4358400,4543900,4628600,4701500,4769700,4835800,4900200,4967400,5034200,5103300,5171600
SL_B,Occupations usually require college or vocational education or apprenticeship training.,Une formation collégiale ou professionnelle ou un programme d'apprentissage caractérise habituellement les professions.,6372000,6649400,6772100,6869900,6957400,7038500,7114700,7184000,7253400,7326500,7398900
SL_C,Occupations usually require secondary school and/or occupation-specific training.,Une formation de niveau secondaire et quelques cours de courte durée ou une formation spécifique à la profession,4654700,4805700,4875400,4927600,4974900,5017700,5059600,5096900,5135400,5174800,5217300
SL_D,On-the-job training is usually provided for occupations.,Une formation en cours d'emploi caractérise habituellement les professions,1815700,1908400,1931800,1945200,1971200,1989800,2005600,2021000,2037500,2054500,2072000
SL_M,Management Occupations,Les professions de la gestion,1610100,1671500,1692000,1706300,1719000,1732800,1744100,1755900,1766100,1777800,1789100
ST_SM,Legislators and senior management,Cadres supérieurs,54400,57200,57600,57600,57200,57100,57300,57500,57600,57700,57800
ST_1,"Business, finance and administration occupations","Affaires, finance et administration",3202000,3295300,3326900,3365600,3400500,3436100,3469200,3498800,3531800,3565300,3600000
ST_2,Natural and applied sciences and related occupations,Sciences naturelles et appliquées et domaines apparentés,1708600,1795300,1823200,1847700,1869900,1893200,1915300,1937700,1957700,1979200,1999700
ST_3,Health occupations,Secteur de la santé,1511600,1574600,1604600,1634900,1662200,1692400,1728700,1768200,1809800,1852000,1894400
ST_4,"Occupations in education, law and social, community and government services","Enseignement, droit et services sociaux, communautaires et gouvernementaux",2226300,2309700,2358900,2396700,2426200,2452100,2476800,2499200,2522900,2546400,2570500
ST_5,"Occupations in art, culture, recreation and sport","Arts, culture, sports et loisirs",541600,593000,611000,614700,621700,628800,635100,640900,647100,653800,660300
ST_6,Sales and service occupations,Vente et services,4165400,4409900,4496300,4555700,4615800,4658800,4694800,4728300,4762600,4798400,4834400
ST_7,"Trades, transport and equipment operators and related occupations","Métiers, transport, machinerie et domaines apparentés",2683800,2766100,2799200,2826900,2861800,2894800,2925100,2951500,2976200,3003100,3030400
ST_8,"Natural resources, agriculture and related production occupations","Ressources naturelles, agriculture et production connexe",353700,357700,372600,379800,385800,390400,394100,397600,400900,404500,408400
ST_9,Occupations in manufacturing and utilities,Fabrication et services d'utilité publique,807900,805700,815200,822400,829400,835300,841000,847000,851700,856300,861600
N0010,Legislators and senior management,Membres des corps législatifs et cadres supérieurs/cadres supérieures,54400,57200,57600,57600,57200,57100,57300,57500,57600,57700,57800
N0111,Financial managers,Directeurs financiers/directrices financières.,74900,79500,80700,80600,81000,81500,82300,83400,84100,84900,85800
N0112,Human resources managers,Directeurs/directrices des ressources humaines.,40600,42700,42800,43100,43700,44300,44600,44900,45300,45700,46000
N0113,"Purchasing managers & Senior managers - health, education, social and community services and membership organizations",Directeurs/directrices des achats; Directeurs/directrices d'autres services administratifs.,16400,17700,17300,17300,17300,17300,17400,17400,17500,17600,17700
N0121,"Insurance, real estate and financial brokerage managers","Directeurs/directrices des assurances, de l'immobilier et du courtage financier.",30300,30400,30400,30800,31500,32100,32600,32900,33300,33800,34200
N0122,"Banking, credit and other investment managers","Directeurs/directrices de banque, du crédit et d'autres services de placements.",57900,65300,65800,66300,66200,65900,66000,65900,65700,65700,65500
N0124,"Advertising, marketing and public relations managers & Other business services managers","Directeurs/directrices de la publicité, du marketing et des relations publiques; Directeurs/directrices d'autres services aux entreprises.",52700,51200,52200,53100,54200,55300,56300,57300,58300,59300,60400
N0130,Managers in communication (except broadcasting),Directeurs/directrices des services de communications (sauf la radiotélédiffusion),14800,16000,15500,15300,15500,15500,15500,15500,15500,15500,15500
N0211,Engineering managers & Architecture and science managers,Directeurs/directrices des services de génie; Directeurs/directrices des services d'architecture et de sciences.,43200,48600,49300,50000,50700,51300,51800,52200,52600,52900,53300
N0213,Computer and information systems managers,Gestionnaires des systèmes informatiques.,72500,79500,78700,80400,82200,84000,85800,87600,89400,91100,92800
N0311,Managers in health care,Directeurs/directrices des soins de santé.,42500,44800,44900,45700,46500,47200,48000,49000,50100,51300,52400
N0410,Managers in public administration,Directeurs/directrices de la fonction publique,40900,38300,39900,40700,41500,42400,43200,44000,44700,45500,46200
N0421,Administrators - post-secondary education and vocational training,Administrateurs/administratrices - enseignement postsecondaire et formation professionnelle  .,17400,18200,19000,19100,19000,19100,19200,19200,19300,19400,19400
N0422,School principals and administrators of elementary and secondary education,Directeurs/directrices d'école et administrateurs/administratrices de programmes d'enseignement aux niveaux primaire et secondaire.,28900,30400,30000,30300,30700,30800,30600,30300,30100,29800,29500
N0423,"Managers in social, community and correctional services","Directeurs/directrices des services sociaux, communautaires et correctionnels.",38800,38000,39100,40000,41100,42200,42900,43700,44500,45200,46100
N0430,Managers in public protection services,Directeurs/directrices des services de la protection du public,4400,4700,5300,5600,5600,5700,5800,5700,5700,5700,5700
N0510,"Managers in art, culture, recreation and sport","Directeurs/directrices des arts, de la culture, des sports et des loisirs",11300,13300,13900,14000,14300,14500,14700,14900,15100,15300,15500
N0601,Corporate sales managers,Directeurs/directrices des ventes corporatives.,16300,16800,17000,17200,17300,17400,17500,17600,17700,17900,18000
N0621,Retail and wholesale trade managers,Directeurs/directrices - commerce de détail et de gros.,302400,313600,311100,309000,307800,306600,305700,304700,304000,303600,303200
N0631,Restaurant and food service managers,Directeurs/directrices de la restauration et des services alimentaires.,101700,104800,106400,109900,111000,112000,111600,111400,111100,110900,110600
N0632,Accommodation service managers,Directeurs/directrices des services d'hébergement.,56100,59700,60900,61800,62900,64100,65400,67100,68300,69600,70900
N0651,"Managers in customer and personal services, n.e.c.","Directeurs/directrices du service à la clientèle et des services personnels, n.c.a..",17200,17700,18000,18000,18300,18500,18800,19000,19300,19600,19800
N0711,Construction managers,Directeurs/directrices de la construction.,77700,81300,80800,83400,83600,85000,85600,86800,87600,88700,89600
N0712,Home building and renovation managers,Gestionnaires en construction et rénovation domiciliaire,139900,151100,152000,151600,152500,154400,156800,158600,160400,162200,164000
N0714,Facility operation and maintenance managers,Directeurs/directrices de l'exploitation et de l'entretien d'immeubles.,29800,28400,29000,29100,29400,29600,29900,30200,30500,30800,31100
N0731,Managers in transportation,Directeurs/directrices des transports.,26900,28000,28700,29700,30400,30900,31200,31600,31900,32300,32700
N0811,Managers in natural resources production and fishing,Directeurs/directrices de l'exploitation des ressources naturelles et de la pêche.,16700,15700,15500,15400,15500,15600,15500,15600,15600,15600,15600
N0820,"Managers in agriculture, horticulture and aquaculture","Gestionnaires en agriculture, horticulture et en aquaculture",130700,129100,138000,139000,138800,138100,137300,136300,135200,134200,133200
N0910,Managers in manufacturing and utilities,Directeurs/directrices de la fabrication et des services d'utilité publique,107300,106500,109500,109800,110600,111400,112200,112700,113300,113800,114300
N1111,Financial auditors and accountants,Vérificateurs/vérificatrices et comptables.,220200,228900,235700,238900,242300,245300,246600,248300,249900,251600,253100
N1112,Financial and investment analysts,Analystes financiers/analystes financières et analystes en placements.,73300,75700,76400,76800,77700,78800,80700,81700,82800,84000,85200
N1113,"Securities agents, investment dealers and brokers","Agents/agentes en valeurs, agents/agentes en placements et négociateurs/négociatrices en valeurs.",20500,21800,22100,22300,22300,22300,22400,22400,22400,22500,22500
N1114,Other financial officers,Autres agents financiers/agentes financières.,154500,152200,156300,160800,165800,169600,170500,173200,175700,178600,181300
N1121,Human resources professionals,Professionnels/professionnelles en ressources humaines.,140100,144500,146600,149200,151100,153400,155100,156600,158200,160000,161700
N1122,Professional occupations in business management consulting,Professionnels/professionnelles des services-conseils en gestion aux entreprises.,115800,118700,122700,125600,128600,131100,133500,135800,138000,140100,142100
N1123,"Professional occupations in advertising, marketing and public relations","Professionnels/professionnelles en publicité, en marketing et en relations publiques.",201600,212400,214500,219500,223200,226600,231000,235300,239200,243000,246800
N1211,"Supervisors, general office and administrative support workers",Superviseurs/superviseures de commis de bureau et du personnel de soutien administratif.,36500,38300,37300,37400,37700,38100,38800,39500,40200,40900,41700
N1212,"Supervisors, finance and insurance office workers",Superviseurs/superviseures de commis de finance et d'assurance.,38400,41800,43200,44300,44800,45200,45800,46300,46700,47200,47700
N1213,"Supervisors, library, correspondence and related information workers; Supervisors, mail and message distribution occupations & Supervisors, supply chain, tracking and scheduling co-ordination occupations","Superviseurs/superviseures de commis de bibliothèque, de correspondanciers et d'autres commis à l'information; Superviseurs/superviseures de services postaux et de messageries; Superviseurs/superviseures du personnel de coordination de la chaîne d'approvi",102000,108500,108500,109300,110100,111000,112000,112900,113700,114600,115500
N1221,Administrative officers,Agents/agentes d'administration.,198200,200600,204100,207500,210100,213200,216800,219500,222400,225300,228100
N1222,Executive assistants,Adjoints/adjointes de direction.,36700,37400,38100,38800,39400,39700,40200,40700,41100,41600,42100
N1223,Human resources and recruitment officers,Agents/agentes des ressources humaines et de recrutement.,39000,39000,40300,40700,41200,42000,43000,43600,44300,45000,45600
N1224,Property administrators,Agents/agentes de gestion immobilière.,39900,40400,39700,40100,40600,41400,41700,41800,42000,42300,42500
N1225,Purchasing agents and officers,Agents/agentes aux achats.,69900,74200,72700,74400,75700,77600,78900,80700,82400,84100,85900
N1226,Conference and event planners,Planificateurs/planificatrices de congrès et d'événements.,20400,21900,22900,23600,24300,25000,25600,26200,26700,27300,27900
N1227,"Court officers and justices of the peace & Employment insurance, immigration, border services and revenue officers","Juges de paix et officiers/officières de justice; Agents/agentes d'assurance-emploi, d'immigration, de services frontaliers et du revenu.",74300,84400,84900,85200,86000,87300,88900,90600,92300,94300,96300
N1241,Administrative assistants,Adjoints administratifs/adjointes administratives.,227900,231900,228400,231000,230200,228900,228100,226900,225800,224900,224000
N1242,Legal administrative assistants,Adjoints administratifs juridiques/adjointes administratives juridiques.,50700,51800,52800,53600,54100,54600,54800,55000,55200,55400,55600
N1243,Medical administrative assistants,Adjoints administratifs médicaux/adjointes administratives médicales.,91200,91200,93100,93100,95800,96800,98600,100500,103000,105200,107700
N1250,"Court reporters, transcriptionists, records management technician And statistical officers","Sténographes judiciaires, transcripteurs/transcriptrices, techniciens/techniciennes à la gestion des documents et agents/agentes de statistiques",24400,24800,24900,25100,25400,25600,26000,26300,26600,27000,27400
N1311,Accounting technician and bookkeepers,Techniciens/techniciennes en comptabilité et teneurs/teneuses de livres.,206500,215200,217200,220600,224200,228200,231400,234100,236900,240000,243000
N1312,"Insurance adjusters and claims examiners; Insurance underwriters; Assessors, valuators and appraisers & Customs, ship and other brokers","Experts/expertes en sinistres et rédacteurs/rédactrices sinistres; Assureurs/assureures; Estimateurs/estimatrices et évaluateurs/évaluatrices; Courtiers/courtières en douanes, courtiers maritimes/courtières maritimes et autres courtiers/courtières.",84000,81000,82200,84700,86400,88000,89900,90500,91700,93200,94500
N1411,General office support workers,Employés de soutien de bureau généraux/employées de soutien de bureau générales.,165500,167500,167200,164600,163600,162700,161900,161200,160600,160200,159800
N1414,Receptionists,Réceptionnistes.,142600,144200,143200,142400,141900,141700,142200,143000,144000,145100,146400
N1415,Personnel  and Court clerks,Commis des services du personnel et des services judiciaires.,11300,11500,11200,11800,11700,11700,11800,12000,12100,12200,12300
N1422,Data entry clerks & Desktop publishing operators and related occupations,Commis à la saisie de données; Opérateurs/opératrices d'équipement d'éditique et personnel assimilé.,34700,35500,35900,36200,34900,36500,35800,34400,35800,35300,36300
N1431,Accounting and related clerks,Commis à la comptabilité et personnel assimilé.,151900,157200,157000,157100,157500,158100,158600,159100,159700,160400,161200
N1432,Payroll clerks,Administrateurs/administratrices de la paye,46500,49000,48500,49200,49800,50300,50900,51500,52000,52500,53100
N1434,"Banking, insurance and other financial clerks & Collectors","Commis de banque, d'assurance et d'autres services financiers; Agents/agentes de recouvrement.",41100,43300,43900,44200,43700,43000,43000,42900,42700,42600,42400
N1450,"Library, correspondence and other clerks","Commis de bibliothèque, de correspondance et autres commis",48900,49200,48100,47600,47500,47400,47400,47500,47600,47700,47800
N1511,"Mail, postal and related workers",Commis au courrier et aux services postaux et personnel assimilé.,31900,35300,34800,35300,35400,35500,35500,35500,35500,35400,35300
N1512,Letter carriers,Facteurs/factrices.,35700,36000,37100,37100,38300,38200,38800,38800,39200,39200,39500
N1513,"Couriers, messengers and door-to-door distributors",Messagers/messagères et distributeurs/distributrices porte-à-porte.,18700,20400,20200,20100,20100,20100,20000,20000,19900,19900,19800
N1521,Shippers and receivers,Expéditeurs/expéditrices et réceptionnaires.,111500,111600,114500,114900,115100,116100,116900,117100,117200,117800,118200
N1522,Storekeepers and partspersons; Production logistics co-ordinators & Purchasing and inventory control workers,Magasiniers/magasinières et commis aux pièces; Coordonnateurs/coordonnatrices de la logistique de la production; Commis aux achats et au contrôle de l'inventaire.,54200,56000,57300,58400,58800,59000,59300,59500,59600,59700,59900
N1525,Dispatchers & Transportation route and crew schedulers,Répartiteurs/répartitrices; Horairistes de trajets et d'équipages.,41500,42100,43100,44100,45100,46100,46900,47700,48500,49300,50200
N2110,Physical science professionals,Professionnels/professionnelles des sciences physiques,31900,32300,32600,33000,33100,33100,33200,33200,33300,33400,33500
N2120,Life science professionals,Professionnels/professionnelles des sciences de la vie,35000,37600,37500,37300,37500,37900,38200,38500,38700,38900,39200
N2131,Civil engineers,Ingénieurs civils/ingénieures civiles.,67000,71900,73000,73400,74000,74800,75700,76500,77200,77900,78600
N2132,Mechanical engineers,Ingénieurs mécaniciens/ingénieures mécaniciennes.,47500,48700,49200,49600,50000,50500,51000,51400,51700,52000,52300
N2133,Electrical and electronics engineers,Ingénieurs électriciens et électroniciens/ingénieures électriciennes et électroniciennes.,42000,43600,43900,44200,44200,44400,44600,44800,44900,45000,45000
N2134,Chemical engineers,Ingénieurs chimistes/ingénieures chimistes.,9800,9900,9900,9900,9900,9900,9900,9900,9900,9900,9900
N2141,Industrial and manufacturing engineers & Metallurgical and materials engineers,Ingénieurs/ingénieures d'industrie et de fabrication; Ingénieurs/ingénieures métallurgistes et des matériaux.,25300,22700,22700,22900,23300,23700,23900,24100,24400,24600,24800
N2143,Mining engineers; Geological engineers & Petroleum engineers,Ingénieurs miniers/ingénieures minières; Ingénieurs géologues/ingénieures géologues; Ingénieurs/ingénieures de l'extraction et du raffinage du pétrole.,23700,24400,24600,24800,25000,25000,25000,25100,25300,25400,25500
N2146,"Aerospace engineers & Other professional engineers, n.e.c.","Ingénieurs/ingénieures en aérospatiale; Autres ingénieurs/ingénieures, n.c.a..",36400,36800,37700,38400,39000,39700,40400,41000,41600,42100,42700
N2147,Computer engineers (except software engineers and designers),Ingénieurs informaticiens/ingénieures informaticiennes (sauf ingénieurs/ingénieures et concepteurs/conceptrices en logiciel).,26900,28400,29700,30500,31200,31800,32300,32900,33400,33900,34400
N2151,Architects,Architectes.,18200,19500,20300,20400,20200,20000,19900,19900,19900,19900,19800
N2152,Landscape architects; Urban and land use planners & Land surveyors,Architectes paysagistes; Urbanistes et planificateurs/planificatrices de l'utilisation des sols; Arpenteurs-géomètres/arpenteuses-géomètres.,15900,16700,16500,16300,16300,16300,16300,16300,16400,16400,16400
N2161,"Mathematicians, statisticians and actuaries","Mathématiciens/mathématiciennes, statisticiens/statisticiennes et actuaires.",14400,14600,14600,14800,15000,15200,15400,15600,15900,16100,16300
N2171,Information systems analysts and consultants,Analystes et consultants/consultantes en informatique.,288100,302000,309400,314500,321600,328800,334100,340200,345900,351800,357500
N2172,Database analysts and data administrators,Analystes de bases de données et administrateurs/administratrices de données.,67600,72700,71900,76000,76700,77300,79400,80800,82000,83700,85200
N2173,Software engineers and designers,Ingénieurs/ingénieures et concepteurs/conceptrices en logiciel.,106200,113600,115700,117700,120300,122900,125600,128400,131100,133800,136400
N2174,Computer programmers and interactive media developers,Programmeurs/programmeuses et développeurs/développeuses en médias interactifs.,221300,243900,247100,249900,252100,255200,257500,260300,262400,264900,267100
N2175,Web designers and developers,Concepteurs/conceptrices et développeurs/développeuses Web.,35100,37400,38200,38700,39200,39600,40000,40400,40700,41100,41400
N2210,Technical occupations in physical sciences,Travailleurs techniques des sciences physiques,39200,40600,41000,41200,41300,41500,41600,41800,41900,42100,42200
N2221,Biological technologists and technician,Technologues et techniciens/techniciennes en biologie.,9300,9800,9900,10000,10100,10200,10300,10400,10500,10500,10600
N2222,Agricultural and fish products inspectors; Forestry technologists and technician & Conservation and fishery officers,Inspecteurs/inspectrices des produits agricoles et de la pêche; Technologues et techniciens/techniciennes en sciences forestières; Techniciens/techniciennes du milieu naturel et de la pêche.,13700,14200,14400,14500,14400,14400,14300,14300,14200,14100,14100
N2225,Landscape and horticulture technician and specialists,Techniciens/techniciennes et spécialistes de l'aménagement paysager et de l'horticulture.,15100,15500,15700,15800,16300,16800,17100,17500,17800,18200,18500
N2231,Civil engineering technologists and technician,Technologues et techniciens/techniciennes en génie civil.,20100,21100,21000,20800,20700,20700,20700,20700,20700,20700,20700
N2232,Mechanical engineering technologists and technician,Technologues et techniciens/techniciennes en génie mécanique.,20500,20600,21600,21800,22100,22400,22600,23000,23300,23500,23800
N2233,Industrial engineering and manufacturing technologists and technician,Technologues et techniciens/techniciennes en génie industriel et en génie de fabrication.,18400,19000,19300,19600,19900,20100,20300,20500,20600,20800,20900
N2234,Construction estimators,Estimateurs/estimatrices en construction.,22200,23400,23500,23600,23800,24000,24300,24500,24700,24900,25100
N2241,Electrical and electronics engineering technologists and technician,Technologues et techniciens/techniciennes en génie électronique et électrique.,34600,35800,36300,36700,37200,37600,37900,38300,38600,38900,39100
N2242,Electronic service technician (household and business equipment),Électroniciens/électroniciennes d'entretien (biens domestiques et commerciaux).,38300,38900,40000,40500,40900,41200,41500,41700,42000,42200,42500
N2243,"Industrial instrument technician and mechanics & Aircraft instrument, electrical and avionics mechanics, technician and inspectors","Techniciens/techniciennes et mécaniciens/mécaniciennes d'instruments industriels; Mécaniciens/mécaniciennes, techniciens/techniciennes et contrôleurs/contrôleuses d'avionique et d'instruments et d'appareillages électriques d'aéronefs.",10700,10400,10900,11100,11200,11200,11300,11300,11400,11400,11500
N2250,"Technical occupations in architecture, drafting, surveying, geomatics","Travailleurs techniques en architecture, en dessin, en arpentage, en géomatique et en météorologie",64100,65700,65100,65600,65800,66100,66500,66600,66800,66900,67000
N2261,Non-destructive testers and inspection technician; Engineering inspectors and regulatory officers & Inspectors in public and environmental health and occupational health and safety,"Vérificateurs/vérificatrices et essayeurs/essayeuses des essais non destructifs; Inspecteurs/inspectrices d'ingénierie et officiers/officières de réglementation; Inspecteurs/inspectrices de la santé publique, de l'environnement et de l'hygiène et de la sé",52000,53900,54500,54800,55200,55600,56100,56600,57000,57400,57900
N2264,Construction inspectors,Inspecteurs/inspectrices en construction.,24600,25200,26400,26600,26400,26500,26500,26600,26800,26900,27100
N2270,Transportation officers and controllers,Officiers/officières et contrôleurs/contrôleuses des services de transport,31000,34700,35800,37000,37500,37700,37800,37900,38000,38100,38300
N2281,Computer network technician,Techniciens/techniciennes de réseau informatique.,57500,60700,61500,62400,62900,63400,63800,64100,64400,64700,65100
N2282,User support technician & Information systems testing technician,Agents/agentes de soutien aux utilisateurs; Évaluateurs/évaluatrices de systèmes informatiques.,125000,129200,131400,133500,135700,137900,140200,142500,144700,146900,149000
N3011,Nursing co-ordinators and supervisors,Coordonnateurs/coordonnatrices et superviseurs/superviseures des soins infirmiers.,29800,31200,31900,33200,34200,35200,36500,38000,39600,41200,42800
N3012,Registered nurses and registered psychiatric nurses,Infirmiers autorisés/infirmières autorisées et infirmiers psychiatriques autorisés/infirmières psychiatriques autorisées.,327000,339700,345400,353100,360000,366500,374500,383500,393000,402600,412200
N3111,Specialist physicians,Médecins spécialistes.,45400,49100,48900,49900,51200,52200,53200,54600,56200,57700,59300
N3112,General practitioners and family physicians,Omnipraticiens/omnipraticiennes et médecins en médecine familiale.,80700,85000,85000,86900,88900,90900,93500,96600,99900,103300,106800
N3113,Dentists,Dentistes.,24200,27600,26600,26800,27400,27700,27900,28400,29000,29500,30100
N3114,Veterinarians,Vétérinaires.,12800,13400,13500,13700,13900,14000,14200,14300,14400,14500,14600
N3120,"Optometrists, chiropractors and other health diagnosing and treating professionals","Optométristes, chiropraticiens/chiropraticiennes et autres professionnels/professionnelles en diagnostic et en traitement de la santé",42000,41500,41000,41800,42700,43300,44000,45100,46200,47400,48500
N3131,Pharmacists,Pharmaciens/pharmaciennes.,42900,42900,43800,44900,45900,46700,47600,48500,49500,50500,51400
N3132,Dietitians and nutritionists,Diététistes et nutritionnistes.,16600,17000,17100,17200,17300,17400,17600,17800,18100,18300,18600
N3141,Audiologists and speech-language pathologists,Audiologistes et orthophonistes.,16700,17000,17500,17600,17900,18200,18500,18800,19100,19300,19600
N3142,Physiotherapists,Physiothérapeutes.,30500,32600,32700,33300,34100,34800,35400,36300,37200,38100,39100
N3143,Occupational therapists & Other professional occupations in therapy and assessment,Ergothérapeutes; Autres professionnels/professionnelles en thérapie et en diagnostic.,36600,35300,37400,37700,37700,38400,39200,39600,40100,40500,40900
N3211,Medical laboratory technologists & Medical laboratory technician and pathologists' assistants,Technologues de laboratoires médicaux; Techniciens/techniciennes de laboratoire médical et assistants/assistantes en pathologie.,51300,53500,54500,55800,56800,57500,58500,59600,60900,62100,63400
N3213,Animal health technologists and veterinary technician,Technologues en santé animale et techniciens/techniciennes vétérinaires.,23100,24500,24900,25500,26100,26700,27200,27700,28200,28700,29200
N3214,"Respiratory therapists, clinical perfusionists and cardiopulmonary technologists; Medical radiation technologists & Medical sonographers","Inhalothérapeutes, perfusionnistes cardiovasculaires et technologues cardiopulmonaires; Technologues en radiation médicale; Technologues en échographie.",46700,47400,48500,49400,50000,50800,52000,53100,54300,55500,56700
N3217,"Cardiology technologists and electrophysiological diagnostic technologists, n.e.c. & Other medical technologists and technician (except dental health)","Technologues en cardiologie et technologues en électrophysiologie diagnostique, n.c.a.; Autres technologues et techniciens/techniciennes des sciences de la santé (sauf soins dentaires).",73800,79200,81500,80800,81200,82200,83800,85600,87000,88500,90000
N3220,Technical occupations in dental health care,Travailleurs techniques en soins dentaires,38800,40100,40100,40200,40300,40300,40600,40900,41300,41700,42200
N3231,Opticians,Opticiens/opticiennes d'ordonnances.,11400,12000,12200,12400,12600,12700,12900,13100,13200,13400,13600
N3232,Practitioners of natural healing; Massage therapists & Other technical occupations in therapy and assessment,Praticiens/praticiennes des médecines douces; Massothérapeutes; Autre personnel technique en thérapie et en diagnostic.,66800,72300,74300,75200,76500,78400,79800,81300,82700,84300,85800
N3233,Licensed practical nurses,Infirmiers auxiliaires/infirmières auxiliaires.,71600,72900,73200,74700,75600,76300,77800,79600,81600,83500,85500
N3234,Paramedical occupations,Travailleurs ambulanciers et paramédicals.,38300,41200,42400,43200,43600,44300,45300,46200,47200,48200,49200
N3411,Dental assistants,Assistants/assistantes dentaires.,37300,38300,38700,39300,39800,40400,41200,42100,43100,44100,45100
N3413,"Nurse aides, orderlies and patient service associates & Other assisting occupations in support of health services","Aides-infirmiers/aides-infirmières, aides-soignants/aides-soignantes et préposés/préposées aux bénéficiaires; Autre personnel de soutien des services de santé.",347400,361000,373700,382300,388700,397300,407700,417600,428200,438900,449800
N4011,University professors and lecturers,Professeurs/professeures et chargés/chargées de cours au niveau universitaire.,63300,63900,64200,64800,65800,66200,67700,67700,68900,69100,70000
N4012,Post-secondary teaching and research assistants,Assistants/assistantes d'enseignement et de recherche au niveau postsecondaire.,98300,105700,107000,106600,106800,107500,108300,110100,111400,112900,114100
N4021,College and other vocational instructors,Enseignants/enseignantes au niveau collégial et autres instructeurs/instructrices en formation professionnelle.,125000,137900,146500,148700,148900,150100,152500,154300,157000,159700,162100
N4031,Secondary school teachers,Enseignants/enseignantes au niveau secondaire.,168300,169700,171700,173500,175200,176200,176600,176600,176400,176300,176500
N4032,Elementary school and kindergarten teachers,Enseignants/enseignantes aux niveaux primaire et préscolaire.,353600,364400,369200,373400,379200,384800,388500,391600,394600,397500,400900
N4033,Educational counsellors,Conseillers/conseillères en information scolaire.,34300,28100,29100,29700,30100,30500,31100,31700,32300,33000,33600
N4110,"Judges, lawyers and Quebec notaries","Juges, avocats/avocates (partout au Canada) et notaires (au Québec)",108600,112500,115400,117300,118700,120000,120900,121900,122800,123700,124500
N4151,Psychologists,Psychologues.,27600,29200,29700,30500,31300,32000,32800,33800,34800,35900,36900
N4152,Social workers & Probation and parole officers and related occupations,Travailleurs sociaux/travailleuses sociales; Agents/agentes de probation et de libération conditionnelle et personnel assimilé.,68000,70600,71600,72700,73600,74100,74400,74900,75500,76100,76700
N4153,"Family, marriage and other related counsellors","Thérapeutes conjugaux/thérapeutes conjugales, thérapeutes familiaux/thérapeutes familiales et autres conseillers assimilés/conseillères assimilées.",58800,62600,62000,63400,64400,64700,65100,65800,66600,67400,68100
N4154,Professional occupations in religion,Travailleurs professionnels reliés à la religion.,32300,31500,32400,32700,32900,33000,33000,33100,33100,33200,33200
N4156,Employment counsellors,Conseillers/conseillères en emploi.,15500,15600,15600,15600,15800,15900,16100,16200,16300,16500,16700
N4161,"Natural and applied science policy researchers, consultants and program officers","Recherchistes, experts-conseils/expertes-conseils et agents/agentes de programmes, en sciences naturelles et appliquées.",35600,36300,37500,38000,38600,39600,40400,41200,42100,42900,43800
N4162,Economists and economic policy researchers and analysts & Business development officers and marketing researchers and consultants,"Économistes, recherchistes et analystes des politiques économiques; Agents/agentes de développement économique, recherchistes et experts-conseils/expertes-conseils en marketing.",63900,66100,67200,67700,68300,69100,69800,70400,71000,71700,72300
N4164,"Social policy researchers, consultants and program officers & Health policy researchers, consultants and program officers","Recherchistes, experts-conseils/expertes-conseils et agents/agentes de programmes en politiques sociales; Recherchistes, experts-conseils/expertes-conseils et agents/agentes de programmes en politiques de la santé.",108600,111700,116000,119400,121200,123300,126300,129000,131600,134300,136900
N4166,"Education policy researchers, consultants and program officers & Recreation, sports and fitness policy researchers, consultants and program officers","Recherchistes, experts-conseils/expertes-conseils et agents/agentes de programmes en politiques de l'enseignement; Recherchistes, experts-conseils/expertes-conseils et agents/agentes de programme en sports, en loisirs et en conditionnement physique.",39600,42500,43600,44700,45800,46300,46900,47700,48200,48800,49400
N4168,"Program officers unique to government & Other professional occupations in social science, n.e.c.","Agents/agentes de programmes propres au gouvernement; Autres professionnels/professionnelles des sciences sociales, n.c.a..",10400,10400,10100,9900,9800,9700,9700,9700,9700,9700,9700
N4211,Paralegal and related occupations,Techniciens/techniciennes juridiques et personnel assimilé.,41000,45300,46300,46500,46900,47500,48000,48400,48800,49200,49600
N4212,Social and community service workers,Travailleurs/travailleuses des services sociaux et communautaires.,152200,164200,167600,170700,172100,172900,173700,174600,175700,176700,177800
N4214,Early childhood educators and assistants,Éducateurs/éducatrices et aides-éducateurs/aides-éducatrices de la petite enfance.,229100,243600,251600,260300,266700,270800,273600,276200,278900,281400,284000
N4215,Instructors of persons with disabilities,Instructeurs/instructrices pour personnes ayant une déficience.,7500,7900,8000,8200,8200,8300,8200,8200,8200,8200,8200
N4216,Other instructors & Other religious occupations,Autres instructeurs/instructrices; Autre personnel relié à la religion.,34300,37200,39200,39700,39900,40300,40900,41400,42000,42700,43300
N4311,Police officers (except commissioned),Policiers/policières (sauf cadres supérieurs).,81100,82100,84300,87100,87700,88700,89900,90600,91400,92100,92800
N4312,Firefighters & Non-commissioned ranks of the Canadian Forces,Pompiers/pompières; Sous-officiers/sous-officières des Forces armées canadiennes,35500,36800,37000,37100,37400,37600,37900,38100,38300,38500,38700
N4411,Home child care providers,Gardiens/gardiennes d'enfants en milieu familial.,24300,24200,24600,24800,25500,25800,25900,26200,26400,26700,26900
N4412,"Home support workers, housekeepers and related occupations","Aides familiaux résidents/aides familiales résidentes, aides de maintien à domicile et personnel assimilé.",67100,66700,68300,69100,70400,71300,71500,71800,72100,72500,72800
N4413,Elementary and secondary school teacher assistants,Aides-enseignants/aides-enseignantes aux niveaux primaire et secondaire.,110400,109200,108800,109800,110000,110300,110800,111300,111700,112200,112700
N4420,Legal and public protection support occupations,Travailleurs juridiques et de soutien des services de protection public,32200,33700,34100,34600,35100,35600,36100,36600,37000,37500,38000
N5110,"Librarians, archivists, conservators and curators","Professionnels/professionnelles des bibliothèques, des archives, des musées et des galeries d'art",16900,17300,18100,18000,18000,18000,18000,18000,18000,18100,18200
N5121,Authors and writers; Editors & Journalists,"Auteurs/auteures, rédacteurs/rédactrices et écrivains/écrivaines; Réviseurs/réviseures, rédacteurs-réviseurs/rédactrices-réviseures et chefs du service des nouvelles; Journalistes.",51400,56200,57200,57200,57400,57700,57900,58200,58400,58700,59100
N5125,"Translators, terminologists and interpreters","Traducteurs/traductrices, terminologues et interprètes.",18500,19400,19600,19700,19900,20000,20100,20200,20200,20300,20400
N5131,"Producers, directors, choreographers and related occupations & Conductors, composers and arrangers","Producteurs/productrices, réalisateurs/réalisatrices, chorégraphes et personnel assimilé; Chefs d'orchestre, compositeurs/compositrices et arrangeurs/arrangeuses.",48900,51500,53000,53500,54200,54700,55200,55700,56100,56600,57000
N5133,"Musicians and singers; Dancers; Actors and comedians & Painters, sculptors and other visual artists","Musiciens/musiciennes et chanteurs/chanteuses; Danseurs/danseuses; Acteurs/actrices et comédiens/comédiennes; Peintres, sculpteurs/sculpteures et autres artistes des arts visuels.",67600,77700,82200,82600,83300,83900,84500,85300,86300,87400,88500
N5210,"Technical occupations in libraries, public archives, museums and art galleries","Travailleurs techniques des bibliothèques, des archives publiques, des musées et des galeries d'art",13400,14500,13400,13300,13500,13900,13800,13800,14000,14200,14200
N5221,Photographers,Photographes.,18900,20400,21100,20900,21100,21100,21300,21400,21500,21600,21700
N5222,"Film/video camera operators; Graphic arts technician; Broadcast technician; Audio/video recording technician; Other tech. / co-ord. occupations in motion picture, broadcasting, arts & Support occupations in motion picture, broadcasting, photography and th",Cadreurs/cadreuses de films et cadreurs/cadreuses vidéo; Techniciens/techniciennes en graphisme; Techniciens/techniciennes en radiotélédiffusion; Techniciens/techniciennes en enregistrement audio et vidéo; Autre personnel technique et personnel de coordin,52000,55300,56800,57500,58300,58900,59500,60000,60400,60900,61300
N5230,"Announcers and other performers, n.e.c.","Annonceurs/annonceures et autres artistes de spectacle, n.c.a.",11800,12200,13000,12900,13100,13200,13300,13400,13400,13500,13500
N5241,Graphic designers and illustrators,Designers graphiques et illustrateurs/illustratrices.,85900,90400,92100,92600,93800,94900,96000,97000,98000,99000,100000
N5242,Interior designers and interior decorators,Designers d'intérieur et décorateurs/décoratrices d'intérieur.,25300,26700,27000,27100,27200,27400,27600,27700,27900,28000,28100
N5243,"Theatre, fashion, exhibit and other creative designers & Artisans and craftspersons; Patternmakers - textile, leather and fur products","Ensembliers/ensemblières de théâtre, dessinateurs/dessinatrices de mode, concepteurs/conceptrices d'expositions et autres concepteurs/conceptrices artistiques; Artisans/artisanes; Patronniers/patronnières de produits textiles et d'articles en cuir et en f",18300,18900,19100,19500,19800,19900,20200,20400,20600,20700,20900
N5250,"Athletes, coaches, referees and related occupations","Athlètes, entraîneurs/entraîneuses, arbitres et personnel assimilé des sports et des loisirs",112800,132300,138400,139900,142200,145100,147800,149900,152100,154700,157300
N6211,Retail sales supervisors,Superviseurs/superviseures des ventes - commerce de détail.,235200,249400,253000,257000,260800,263900,266700,269500,272300,275100,277800
N6221,Technical sales specialists - wholesale trade,Spécialistes des ventes techniques - commerce de gros.,136700,145300,148700,151300,153100,154600,155900,157000,157900,158900,159800
N6222,Retail and wholesale buyers,Acheteurs/acheteuses des commerces de détail et de gros.,27400,29000,30400,31300,31700,32000,32200,32400,32600,32800,33000
N6231,Insurance agents and brokers,Agents/agentes et courtiers/courtières d'assurance.,90200,94700,94500,95600,96900,98400,100000,101300,102500,104000,105400
N6232,Real estate agents and salespersons,Agents/agentes et vendeurs/vendeuses en immobilier.,109800,109900,112100,114200,115400,115900,116400,117200,117800,118600,119400
N6235,Financial sales representatives,Représentants/représentantes des ventes financières.,70800,73200,74200,75800,77400,79000,80400,81800,83200,84700,86200
N6311,Food service supervisors,Superviseurs/superviseures des services alimentaires.,67600,75600,78600,81700,83700,85400,86200,87100,88100,89000,90000
N6312,"Executive housekeepers & Accommodation, travel, tourism and related services supervisors; Customer and information services supervisors; Cleaning supervisors; Other services supervisors","Gouvernants principaux/gouvernantes principales; Superviseurs/superviseures des services d'hébergement, de voyages, de tourisme et des services connexes; Superviseurs/superviseures des services d'information et des services à la clientèle; Surveillants/su",120400,129400,130700,133500,137000,141200,144100,147100,150200,153400,156700
N6321,Chefs,Chefs.,49600,53600,57100,59900,62200,64000,65300,66600,68000,69400,70800
N6322,Cooks,Cuisiniers/cuisinières.,163700,174700,185300,190600,194200,196400,197000,197700,198500,199300,200100
N6331,"Butchers, meat cutters and fishmongers - retail and wholesale","Bouchers/bouchères, coupeurs/coupeuses de viande et poissonniers/poissonnières - commerce de gros et de détail.",20500,22000,21100,20600,20500,20700,21000,21000,21000,21100,21200
N6332,Bakers,Boulangers-pâtissiers/boulangères-pâtissières.,30300,33100,33700,34400,34900,35300,35400,35600,35800,36000,36200
N6341,Hairstylists and barbers,Coiffeurs/coiffeuses et barbiers,86500,86900,91700,94200,96200,97800,99200,100500,101700,102900,104200
N6342,"Tailors, dressmakers, furriers and milliners & Shoe repairers and shoemakers; Jewellers, jewellery and watch repairers and related occupations; Upholsterers; Funeral directors and embalmers","Tailleurs/tailleuses, couturiers/couturières, fourreurs/fourreuses et modistes; Cordonniers/cordonnières et fabricants/fabricantes de chaussures; Bijoutiers/bijoutières, réparateurs/réparatrices de bijoux, horlogers-rhabilleurs/horlogères-rhabilleuses et",27800,26700,27100,27200,27200,27100,27000,27000,26900,26900,26900
N6411,Sales and account representatives - wholesale trade (non-technical),Représentants/représentantes des ventes et des comptes - commerce de gros (non-technique).,250300,271500,276000,276500,277600,278500,279600,280800,281900,283000,284200
N6421,Retail salespersons,Vendeurs/vendeuses - commerce de détail.,527900,564500,566200,568800,569800,570600,572200,572600,573000,573500,573600
N6511,MaÃ®tres d'hÃ´tel and hosts/hostesses,Maîtres d'hôtel et hôtes/hôtesses.,41000,42900,45200,48000,49800,51600,52900,54100,55300,56600,58000
N6512,Bartenders,Barmans/barmaids.,21700,25200,27600,28700,29300,29400,29300,29100,29000,28900,28700
N6513,Food and beverage servers,Serveurs/serveuses d'aliments et de boissons.,110900,119100,128900,134700,138400,139600,139700,140000,140200,140600,140900
N6521,Travel counsellors,Conseillers/conseillères en voyages.,9800,9000,8600,8100,7900,7700,7500,7300,7100,7000,7000
N6522,Pursers and flight attendants,Commissaires et agents/agentes de bord.,6200,6800,9600,11600,12300,12400,12400,12400,12300,12300,12300
N6523,"Airline ticket and service agents & Ground and water transport ticket agents, cargo service representatives and related clerks","Agents/agentes à la billetterie et aux services aériens; Agents/agentes à la billetterie, représentants/représentantes du service en matière de fret et personnel assimilé dans le transport routier et maritime.",11300,12700,14000,15200,15400,15500,15400,15400,15400,15400,15400
N6525,Hotel front desk clerks,Réceptionnistes d'hôtel.,21600,24000,23600,23600,24300,24700,25100,25400,25800,26100,26500
N6530,Tourism and amusement services occupations,Travailleurs des services de tourisme et de loisirs,7500,8800,9400,9400,9700,9700,10000,10000,10200,10300,10400
N6541,Security guards and related security service occupations,Agents/agentes de sécurité et personnel assimilé des services de sécurité.,120700,123800,123800,123400,125900,127800,129500,131100,132700,134300,135900
N6551,Customer services representatives - financial institutions,Représentants/représentantes au service à la clientèle - institutions financières.,67900,72300,73800,74300,73000,71200,71000,70600,70000,69600,69100
N6552,Other customer and information services representatives,Autres préposés/autres préposées aux services d'information et aux services à la clientèle.,183900,194000,194400,194600,195700,197000,198000,199000,199900,201000,202200
N6561,"Image, social and other personal consultants; Pet groomers and animal care workers & Other personal service occupations","Conseillers/conseillères imagistes, conseillers mondains/conseillères mondaines et autres conseillers/conseillères en soins personnalisés; Soigneurs/soigneuses d'animaux et travailleurs/travailleuses en soins des animaux; Autre personnel de services perso",31700,31900,33200,34000,34600,35100,35600,36000,36500,36900,37300
N6562,"Estheticians, electrologists and related occupations","Esthéticiens/esthéticiennes, électrolystes et personnel assimilé.",53600,52700,55900,57700,59300,60500,61900,63100,64300,65400,66700
N6611,Cashiers,Caissiers/caissières.,319500,334700,336500,340800,345100,347400,347100,347000,347400,347800,347900
N6621,Service station attendants,Préposés/préposées de stations-service.,8300,7200,6500,5900,5400,5000,4600,4400,4300,4200,4200
N6622,"Store shelf stockers, clerks and order fillers","Garnisseurs/garnisseuses de tablettes, commis et préposés/préposées aux commandes dans les magasins.",260800,278900,275100,275200,277900,281100,283800,286900,290300,293900,297300
N6623,Other sales related occupations,Autres travailleurs assimilés des ventes.,28000,31400,33000,33300,33800,33900,34200,34500,34700,34900,35200
N6711,"Food counter attendants, kitchen helpers and related support occupations","Serveurs/serveuses au comptoir, aides de cuisine et personnel de soutien assimilé.",337900,368900,380200,381100,387600,389300,392300,394600,397100,399400,402000
N6720,"Support occupations in accommodation, travel and amusement services","Travailleurs de soutien en services d'hébergement, de voyage et de loisirs",44100,51800,53600,54000,54900,56000,57000,57900,58800,59800,60800
N6731,Light duty cleaners,Préposés/préposées à l'entretien ménager et au nettoyage - travaux légers.,213000,219500,223600,226900,231500,235700,239400,243100,247000,250900,254900
N6732,Specialized cleaners,Nettoyeurs spécialisés/nettoyeuses spécialisées.,41200,41700,42700,43400,44200,44800,45400,45900,46400,46900,47400
N6733,"Janitors, caretakers and building superintendents",Concierges et surintendants/surintendantes d'immeubles.,174600,177300,181100,183000,185000,186400,187700,188800,189800,190900,192100
N6740,"Other service support and related occupations, n.e.c.","Autres services de soutien et personnel assimilé, n.c.a.",35600,35700,35700,36200,36200,36300,36400,36500,36500,36600,36700
N7201,"Contractors and supervisors, machining, metal forming, shaping and erecting trades and related occupations","Entrepreneurs/entrepreneuses et contremaîtres/contremaîtresses des machinistes et du personnel des métiers du formage, du profilage et du montage des métaux et personnel assimilé.",15400,15400,16000,16300,16500,16700,16900,17000,17200,17400,17500
N7202,"Contractors and supervisors, electrical trades and telecommunications occupations",Entrepreneurs/entrepreneuses et contremaîtres/contremaîtresses en électricité et en télécommunications.,33700,35800,37700,38200,38000,37900,38000,38500,38800,39100,39300
N7203,"Contractors and supervisors, pipefitting trades",Entrepreneurs/entrepreneuses et contremaîtres/contremaîtresses en tuyauterie.,11400,12000,12100,12100,12200,12400,12500,12600,12800,12900,13000
N7204,"Contractors and supervisors, carpentry trades",Entrepreneurs/entrepreneuses et contremaîtres/contremaîtresses en charpenterie.,36000,38700,41300,41800,41500,41200,41500,42100,42600,43000,43400
N7205,"Contractors and supervisors, other construction trades, installers, repairers and servicers",Entrepreneurs/entrepreneuses et contremaîtres/contremaîtresses des autres métiers de la construction et des services de réparation et d'installation.,61000,63100,62500,62000,62000,62200,62600,62800,63100,63400,63800
N7231,Machinists and machining and tooling inspectors & Tool and die makers,Machinistes et vérificateurs/vérificatrices d'usinage et d'outillage; Outilleurs-ajusteurs/outilleuses-ajusteuses.,46900,43900,46100,46800,47100,47100,47100,47100,47100,47000,47000
N7233,Sheet metal workers; Boilermakers; Structural metal and platework fabricators and fitters & Ironworkers,Tôliers/tôlières; Chaudronniers/chaudronnières; Assembleurs/assembleuses et ajusteurs/ajusteuses de plaques et de charpentes métalliques; Monteurs/monteuses de charpentes métalliques.,45300,46800,47300,47400,47800,48100,48500,48800,49100,49400,49700
N7237,Welders and related machine operators,Soudeurs/soudeuses et opérateurs/opératrices de machines à souder et à braser.,79600,80100,80500,80400,80000,79800,79700,79600,79400,79300,79100
N7241,Electricians (except industrial and power system),Électriciens/électriciennes (sauf électriciens industriels/électriciennes industrielles et de réseaux électriques).,100700,107500,109400,111000,113100,115600,118000,120000,122000,124100,126000
N7242,Industrial electricians & Power system electricians,Électriciens industriels/électriciennes industrielles; Électriciens/électriciennes de réseaux électriques.,39000,39800,41000,41500,41800,42300,42700,43000,43300,43600,43800
N7244,Electrical power line and cable workers & Telecommunications line and cable workers,Monteurs/monteuses de lignes électriques et de câbles; Monteurs/monteuses de lignes et de câbles de télécommunications.,21600,22500,22600,22800,23100,23400,23500,23700,23900,24100,24200
N7246,Telecommunications installation and repair workers & Cable television service and maintenance technician,Installateurs/installatrices et réparateurs/réparatrices de matériel de télécommunications; Techniciens/techniciennes en montage et en entretien d'installations de câblodistribution.,31000,31900,32500,32300,32600,32700,32800,32900,32900,33000,33000
N7251,Plumbers,Plombiers/plombières.,54700,57100,57100,57000,57200,57600,58000,58300,58600,58900,59200
N7252,"Steamfitters, pipefitters and sprinkler system installers & Gas fitters","Tuyauteurs/tuyauteuses, monteurs/monteuses d'appareils de chauffage et poseurs/poseuses de gicleurs; Monteurs/monteuses d'installations au gaz.",21500,22600,22300,22500,22900,23200,23500,23600,23700,23900,24100
N7271,Carpenters,Charpentiers-menuisiers/charpentières-menuisières.,127200,136100,134700,135100,136700,138100,138800,138700,138800,139000,139200
N7272,Cabinetmakers,Ébénistes.,3600,3300,3100,3200,3100,3100,3100,3200,3200,3200,3200
N7281,Bricklayers,Briqueteurs-maçons/briqueteuses-maçonnes.,10400,10500,10300,10000,9900,9900,9800,9800,9800,9800,9900
N7282,Concrete finishers & Tilesetters,Finisseurs/finisseuses de béton; Carreleurs/carreleuses.,22100,23300,22600,22800,23500,24200,24700,24900,25200,25500,25900
N7284,"Plasterers, drywall installers and finishers and lathers","Plâtriers/plâtrières, poseurs/poseuses et finisseurs/finisseuses de systèmes intérieurs et latteurs/latteuses.",31400,33300,33600,33800,34100,34400,34700,35000,35300,35600,35900
N7291,Roofers and shinglers,Couvreurs/couvreuses et poseurs/poseuses de bardeaux.,23100,24300,23800,24000,24700,25300,25800,26000,26300,26600,26900
N7292,Glaziers & Insulators,Vitriers/vitrières; Calorifugeurs/calorifugeuses.,9000,9500,9600,9600,9700,9800,9900,10000,10100,10100,10200
N7294,Painters and decorators (except interior decorators),Peintres et décorateurs/décoratrices (sauf décorateurs/décoratrices d'intérieur).,40300,41200,41300,40900,41800,43200,44300,45000,45400,45900,46500
N7295,Floor covering installers,Poseurs/poseuses de revêtements d'intérieur.,13400,13500,13100,12800,13300,14000,14500,14700,14800,15000,15200
N7301,"Contractors and supervisors, mechanic trades & Supervisors, printing and related occupations",Entrepreneurs/entrepreneuses et contremaîtres/contremaîtresses en mécanique; Surveillants/surveillantes de l'imprimerie et du personnel assimilé.,70300,71200,73500,74800,75800,76500,77200,77900,78500,79200,79900
N7302,"Contractors and supervisors, heavy equipment operator crews",Entrepreneurs/entrepreneuses et contremaîtres/contremaîtresses des équipes d'opérateurs d'équipement lourd.,45900,47200,49400,49800,49500,49300,49500,50000,50300,50600,50900
N7304,"Supervisors, railway transport operations & Supervisors, motor transport and other ground transit operators",Surveillants/surveillantes des opérations du transport ferroviaire; Surveillants/surveillantes du transport routier et du transport en commun.,45000,45000,46100,47600,48900,49900,50900,51800,52600,53500,54400
N7311,Construction millwrights and industrial mechanics,Mécaniciens/mécaniciennes de chantier et mécaniciens industriels/mécaniciennes industrielles.,94700,95200,95600,96600,97600,98400,99100,99900,100500,101100,101700
N7312,Heavy-duty equipment mechanics,Mécaniciens/mécaniciennes d'équipement lourd.,68300,72300,71900,72000,72700,73500,74300,74900,75600,76300,77000
N7313,Refrigeration and air conditioning mechanics; machine fitters & Elevator constructors and mechanics,"Mécaniciens/mécaniciennes en chauffage, réfrigération et climatisation; Ajusteurs/ajusteuses de machines; Constructeurs/constructrices et mécaniciens/mécaniciennes d'ascenseurs.",55000,57700,60600,60900,61400,62000,63000,63900,64800,65600,66500
N7314,Railway carmen/women & Aircraft mechanics and aircraft inspectors,Réparateurs/réparatrices de wagons; Mécaniciens/mécaniciennes et contrôleurs/contrôleuses d'aéronefs.,21900,22500,23100,23600,23900,24000,24000,24000,24100,24100,24200
N7321,"Automotive service technician, truck and bus mechanics and mechanical repairers","Mécaniciens/mécaniciennes et réparateurs/réparatrices de véhicules automobiles, de camions et d'autobus.",129200,133900,137200,139800,141500,142700,144000,145200,146300,147400,148600
N7322,Motor vehicle body repairers,Débosseleurs/débosseleuses et réparateurs/réparatrices de carrosserie.,24400,23800,24400,24500,24600,24500,24500,24400,24400,24300,24300
N7330,Other mechanics and related repairers,Autres mécaniciens/mécaniciennes et réparateurs/réparatrices connexes,33400,34600,35600,36300,36900,37400,37900,38300,38700,39200,39600
N7360,Train crew operating occupations,Travailleurs des opérations du transport ferroviaire,12000,12800,13600,14400,14700,14700,14700,14600,14600,14600,14600
N7370,"Crane operators, drillers and blasters","Grutiers/grutières, foreurs/foreuses et dynamiteurs/dynamiteuses",22400,23800,24900,24900,24700,24500,24600,24800,25000,25100,25200
N7380,"Printing press operators and other trades and related occupations, n.e","Travailleurs de l'imprimerie, des métiers et autre personnel assimilé, n.c.a.",27300,26500,27700,28000,28300,28400,28400,28400,28500,28600,28600
N7441,Residential and commercial installers and servicers,"Travailleurs d'installation, d'entretien et de réparation d'équipement résidentiel et commercial.",52800,55400,53400,52800,53700,54900,55700,55900,56200,56600,57000
N7442,"Waterworks and gas maintenance workers; Pest controllers and fumigators & Other installers, repairers and servicers",Travailleurs d'entretien des canalisations d'eau et de gaz; Fumigateurs/fumigatrices et préposés/préposées au contrôle de la vermine; Autres réparateurs/réparatrices et préposés/préposées à l'entretien.,25100,25700,26000,26200,26200,26300,26500,26600,26700,26800,26900
N7450,Longshore workers and material handlers,Débardeurs/débardeuses et manutentionnaires,224300,234300,235700,238000,240900,243600,245700,247800,249700,251600,253500
N7511,Transport truck drivers,Conducteurs/conductrices de camions de transport.,315600,313600,321100,329500,337700,344200,350000,355300,360300,365900,371600
N7512,"Bus drivers, subway operators and other transit operators",Conducteurs/conductrices d'autobus et opérateurs/opératrices de métro et autres transports en commun.,92800,89800,91900,94600,97200,99300,101200,102900,104600,106500,108400
N7513,Taxi and limousine drivers and chauffeurs,"Chauffeurs/chauffeuses de taxi, chauffeurs/chauffeuses de limousine et chauffeurs/chauffeuses.",46400,44600,45500,46700,48000,48900,49800,50700,51500,52400,53300
N7514,Delivery and courier service drivers,Chauffeurs-livreurs/chauffeuses-livreuses - services de livraison et de messagerie.,111900,125200,124500,125800,127100,128600,129600,131200,132700,134500,136300
N7521,Heavy equipment operators(except crane),Conducteurs/conductrices d'équipement lourd (sauf les grues).,84500,88100,86300,85300,86700,88800,90600,91600,92300,93200,94200
N7522,Public works maintenance equipment operators and related workers,Conducteurs/conductrices de machinerie d'entretien public et personnel assimilé.,31800,32000,31900,32400,33200,34000,34600,35100,35700,36200,36800
N7530,Other transport equipment operators and related maintenance workers,Autres conducteurs/conductrices de matériel de transport et personnel d'entretien assimilé,35400,37200,38500,39400,39500,39300,39100,38900,38700,38500,38300
N7610,Trades helpers and labourers,Aides de soutien des métiers et manoeuvres,110700,114800,113400,112000,111700,111900,112300,112500,112900,113400,114100
N7620,"Public works and other labourers, n.e.c.","Manoeuvres aux travaux publics et personnel assimilé, n.c.a.",24500,26800,26600,26500,26700,27000,27300,27600,27900,28200,28500
N8211,"Supervisors, logging and forestry",Surveillants/surveillantes de l'exploitation forestière.,8200,8700,8800,8800,8800,8800,8900,8900,8900,8900,9000
N8220,"Contractors and supervisors, mining, oil and gas","Entrepreneurs/entrepreneuses et surveillants/surveillantes de l'exploitation des mines, du pétrole et du gaz",24500,27500,28100,28000,28200,28400,28600,28800,29000,29100,29400
N8231,Underground production and development miners,"Mineurs/mineuses d'extraction et de préparation, mines souterraines.",21300,22900,23600,24000,24500,25000,25500,25900,26300,26800,27300
N8232,"Oil and gas well drillers, servicers, testers and related workers",Foreurs/foreuses et personnel de mise à l'essai et des autres services reliés à l'extraction de pétrole et de gaz.,28600,30200,30700,31000,31400,31700,31900,32100,32300,32500,32700
N8241,Logging machinary operators,Conducteurs/conductrices de machines d'abattage d'arbres.,11600,12400,12500,12500,12600,12600,12600,12700,12700,12700,12800
N8252,"Agricultural service contractors, farm supervisors and specialized livestock workers & Contractors and supervisors, landscaping, grounds maintenance and horticulture services","Entrepreneurs/entrepreneuses de services agricoles, surveillants/surveillantes d'exploitations agricoles et ouvriers spécialisés/ouvrières spécialisées dans l'élevage; Entrepreneurs/entrepreneuses et superviseurs/superviseures des services de l'aménagemen",35300,35100,36400,38700,40600,41500,42100,42500,42900,43300,43700
N8260,Fishing vessel masters and fishermen/women,Capitaines de bateaux de pêche et pêcheurs/pêcheuses,12400,10100,11500,12000,11900,11900,11800,11700,11600,11500,11400
N8410,Mine service workers and operatorsin oil and gas drilling,Travailleurs d'entretien des mines et du forage des puits de pétrole et de gaz,10200,11700,12000,12000,11900,11900,11800,11700,11600,11400,11300
N8420,Logging and forestry workers,Travailleurs de l'exploitation forestière,6700,6500,6600,6700,6600,6600,6600,6500,6500,6400,6400
N8431,General farm workers,Ouvriers/ouvrières agricoles.,76300,72700,77000,78300,78400,78400,78300,78300,78200,78300,78300
N8432,Nursery and greenhouse workers,Ouvriers/ouvrières de pépinières et de serres.,20400,20900,22400,22600,22800,22900,23100,23400,23600,23900,24200
N8440,Other workers in fishing and trapping and hunting occupations,"Autres travailleurs de la pêche, du trappage et de la chasse",4200,3500,3900,4000,4000,4000,4000,4000,4000,3900,3900
N8611,Harvesting labourers; Aquaculture and marine harvest labourers & Logging and forestry labourers,Manoeuvres à la récolte; Manoeuvres de l'aquaculture et de la mariculture; Manoeuvres de l'exploitation forestière.,7700,6900,7500,7800,8000,8100,8100,8100,8100,8100,8100
N8612,Landscaping and grounds maintenance labourers,Manoeuvres en aménagement paysager et en entretien des terrains.,78000,80100,82600,84600,87200,89700,92100,94400,96600,98900,101300
N8614,"Mine labourers & Oil and gas drilling, servicing and related labourers","Manoeuvres des mines; Manoeuvres de forage et d'entretien des puits de pétrole et de gaz, et personnel assimilé.",8300,8800,9100,8800,8800,8800,8700,8600,8600,8500,8500
N9211,"Supervisors, mineral and metal processing & Supervisors, petroleum, gas and chemical processing and utilities","Surveillants/surveillantes dans la transformation des métaux et des minerais; Surveillants/surveillantes dans le raffinage du pétrole, dans le traitement du gaz et des produits chimiques et dans les services d'utilité publique.",25400,25600,26500,26700,26800,27100,27400,27700,27900,28000,28300
N9213,"Supervisors, food, beverage and related products processing",Surveillants/surveillantes dans la transformation des aliments et des boissons,23900,23800,23900,24400,24900,25200,25600,25900,26300,26600,27000
N9214,"Supervisors, plastic and rubber products manufacturing; Supervisors, forest products processing & Supervisors, textile, fabric, fur and leather products processing and manufacturing","Surveillants/surveillantes dans la fabrication de produits en caoutchouc et en plastique; Surveillants/surveillantes dans la transformation des produits forestiers; Surveillants/surveillantes dans la transformation et la fabrication de produits textiles,",25700,25500,26300,26200,26900,27300,27600,27900,28100,28300,28600
N9220,"Supervisors, assembly and fabrication",Surveillants/surveillantes dans la fabrication et le montage,57100,57200,58500,59300,60200,61100,61800,62500,63000,63600,64200
N9230,Central control and process operatorsin processing and manufacturing,Opérateurs/opératrices de poste central de contrôle dans les procédés de transformation et de fabrication,15200,13800,14700,15100,15300,15400,15400,15300,15300,15300,15300
N9240,Utilities equipment operators and controllers,Opérateurs/opératrices et contrôleurs/contrôleuses d'équipements d'utilités publiques,41100,42500,42500,43100,43200,43200,43300,43400,43500,43700,43900
N9410,machine operators and related workers in mineral and metal products pr,Opérateurs/opératrices de machines dans le traitement et la fabrication des métaux et des minerais et personnel assimilé,89100,84400,87600,88700,89600,90400,91000,91500,92000,92400,92800
N9420,"machine operators and related workers in chemical, plastic and rubber","Opérateurs/opératrices de machines dans le traitement de produits chimiques, du caoutchouc et du plastique et personnel assimilé",45800,45100,47000,47300,47800,48500,49100,49800,50100,50600,51100
N9431,Sawmill machine operators; Other wood processing machine operators; Lumber graders and other wood processing inspectors and graders & Woodworking machine operators,Opérateurs/opératrices de machines à scier dans les scieries; Autres opérateurs/opératrices de machines dans la transformation du bois; Classeurs/classeuses de bois d'oeuvre et autres vérificateurs/vérificatrices et classeurs/classeuses dans la transforma,29800,29800,28700,29000,28600,28700,28800,28800,28900,28900,29100
N9432,Pulp mill machine operators; Papermaking and finishing machine operators& Paper converting machine operators,Opérateurs/opératrices de machines dans les usines de pâte à papier; Opérateurs/opératrices de machines dans la fabrication et la finition du papier; Opérateurs/opératrices de machines à façonner le papier.,19600,19100,19000,18700,18500,18300,18200,18200,18100,18100,18100
N9441,"Textile fibre and yarn, hide and pelt processing machine operators and workers; Weavers, knitters and other fabric making occupations; Fabric, fur and leather cutters & Inspectors and graders, textile, fabric, fur and leather products manufacturing","Opérateurs/opératrices de machines et travailleurs/travailleuses de traitement des fibres et des fils textiles, du cuir et des peaux; Tisseurs/tisseuses, tricoteurs/tricoteuses et autres opérateurs/opératrices de machines textiles; Coupeurs/coupeuses de t",5200,5200,5200,5400,5300,5300,5300,5200,5100,5100,5100
N9446,Industrial sewing machine operators,Opérateurs/opératrices de machines à coudre industrielles.,23200,25300,25000,24800,24500,24200,24000,23800,23600,23400,23200
N9461,"Process control and machine operators, food, beverage and related products processing & Testers and graders, food, beverage and related products processing",Opérateurs/opératrices de machines et de procédés industriels dans la transformation des aliments et des boissonsr; Échantillonneurs/échantillonneuses et trieurs/trieuses dans la transformation des aliments et des boissons,73800,78700,76300,76200,76400,76800,77500,78400,79200,80200,81200
N9462,"Industrial butchers and meat cutters, poultry preparers and related workers","Bouchers industriels/bouchères industrielles, dépeceurs-découpeurs/dépeceuses-découpeuses de viande, préparateurs/préparatrices de volaille et personnel assimilé.",19900,19800,19800,20200,20500,20700,20900,21100,21300,21500,21800
N9463,Fish and seafood plant workers,Ouvriers/ouvrières dans les usines de transformation du poisson et de fruits de mer,3800,3700,3700,3800,3900,3900,3900,3900,3900,3900,4000
N9470,Printing equipment operators and related occupations,Opérateurs/opératrices d'équipement à imprimer et personnel assimilé,8400,8500,8500,8400,8300,8200,8200,8100,8000,8000,8000
N9521,"Aircraft assemblers and aircraft assembly inspectors; Motor vehicle assemblers, inspectors and testers & Mechanical assemblers and inspectors","Monteurs/monteuses d'aéronefs et contrôleurs/contrôleuses de montage d'aéronefs; Assembleurs/assembleuses, contrôleurs/contrôleuses et vérificateurs/vérificatrices de véhicules automobiles; Monteurs/monteuses et contrôleurs/contrôleuses de matériel mécani",53000,49900,51000,51500,52500,53200,53700,54000,53900,53700,53500
N9523,"Electronics assemblers, fabricators, inspectors and testers","Assembleurs/assembleuses, monteurs/monteuses, contrôleurs/contrôleuses et vérificateurs/vérificatrices de matériel électronique.",17200,17500,17100,17700,17700,17700,17900,18000,18100,18300,18400
N9524,"Assemblers and inspectors, electrical appliance, apparatus and equipment manufacturing & Assemblers, fabricators and inspectors, industrial electrical motors and transformers","Monteurs/monteuses et contrôleurs/contrôleuses dans la fabrication de matériel, d'appareils et d'accessoires électriques; Assembleurs/assembleuses, monteurs/monteuses et contrôleurs/contrôleuses dans la fabrication de transformateurs et de moteurs électri",18800,18800,18500,18900,19000,19000,19200,19400,19500,19700,19800
N9531,"Boat assemblers and inspectors; Plastic products assemblers, finishers and inspectors; Industrial painters, coaters and metal finishing process operators& Other products assemblers, finishers and inspectors","Monteurs/monteuses de bateaux et contrôleurs/contrôleuses de montage de bateaux; Assembleurs/assembleuses, finisseurs/finisseuses et contrôleurs/contrôleuses de produits en plastique; Peintres, enduiseurs/enduiseuses et opérateurs/opératrices de procédés",52900,55300,57100,57500,58000,58300,58600,58900,59200,59400,59600
N9532,Furniture and fixture assemblers and inspectors;  Other wood products assemblers and inspectors & Furniture finishers and refinishers,Monteurs/monteuses et contrôleurs/contrôleuses de meubles et d'accessoires; Monteurs/monteuses et contrôleurs/contrôleuses d'autres produits en bois; Finisseurs/finisseuses et restaurateurs/restauratrices de meubles.,35200,32500,33700,33900,34300,34500,34800,35000,35300,35500,35700
N9611,Labourers in mineral and metal processing & Labourers in metal fabrication,Manoeuvres dans le traitement des métaux et des minerais; Manoeuvres en métallurgie.,23800,23400,24600,25000,25400,25800,26200,26600,26900,27200,27500
N9613,Labourers in chemical products processing and utilities & Labourers in rubber and plastic products manufacturing,Manoeuvres dans le traitement des produits chimiques et les services d'utilité publique; Manoeuvres dans la fabrication des produits en caoutchouc et en plastique.,17900,17400,18000,18200,18600,18900,19000,19200,19400,19500,19700
N9614,"Labourers in wood, pulp and paper processing",Manoeuvres dans le traitement des pâtes et papiers et la transformation du bois.,18100,17700,16500,16100,16000,16000,16100,16100,16100,16100,16200
N9616,"Labourers in textile processing & Other labourers in processing, manufacturing and utilities","Manoeuvres des produits du textile; Autres manoeuvres des services de transformation, de fabrication et d'utilité publique.",21200,22800,22800,22700,22600,22500,22400,22300,22200,22100,22000
N9617,"Labourers in food, beverage and related products processing & Labourers in fish and seafood processing",Manoeuvres dans la transformation des aliments et des boissons; Manoeuvres dans la transformation du poisson et des fruits de mer.,42600,42600,42800,43600,44700,45300,45500,46000,46600,47100,47600
